Day,Company Name,Employee Name,Daily Wage,Total Wage
1,Apple,Employee One,0,0
2,Apple,Employee One,160,160
3,Apple,Employee One,160,320
4,Apple,Employee One,0,320
5,Apple,Employee One,0,320
6,Apple,Employee One,160,480
7,Apple,Employee One,160,640
8,Apple,Employee One,160,800
9,Apple,Employee One,0,800
10,Apple,Employee One,80,880
11,Apple,Employee One,0,880
12,Apple,Employee One,160,1040
13,Apple,Employee One,160,1200
14,Apple,Employee One,80,1280
15,Apple,Employee One,80,1360
16,Apple,Employee One,160,1520
17,Apple,Employee One,0,1520
18,Apple,Employee One,0,1520
19,Apple,Employee One,160,1680
20,Apple,Employee One,80,1760
21,Apple,Employee One,80,1840
22,Apple,Employee One,160,2000
23,Apple,Employee One,80,2080
24,Apple,Employee One,160,2240
25,Apple,Employee One,80,2320
26,Apple,Employee One,0,2320
27,Apple,Employee One,80,2400
28,Apple,Employee One,160,2560
29,Apple,Employee One,160,2720
30,Apple,Employee One,0,2720
31,Apple,Employee One,160,2880
32,Apple,Employee One,0,2880
33,Apple,Employee One,160,3040
34,Apple,Employee One,160,3200
35,Apple,Employee One,0,3200
36,Apple,Employee One,0,3200
37,Apple,Employee One,80,3280
38,Apple,Employee One,80,3360
39,Apple,Employee One,160,3520
40,Apple,Employee One,160,3680
41,Apple,Employee One,80,3760
42,Apple,Employee One,80,3840
43,Apple,Employee One,160,4000
44,Apple,Employee One,160,4160
45,Apple,Employee One,0,4160
46,Apple,Employee One,0,4160
47,Apple,Employee One,0,4160
48,Apple,Employee One,160,4320
49,Apple,Employee One,80,4400
50,Apple,Employee One,0,4400
51,Apple,Employee One,0,4400
52,Apple,Employee One,160,4560
53,Apple,Employee One,160,4720
54,Apple,Employee One,80,4800
55,Apple,Employee One,0,4800
56,Apple,Employee One,0,4800
57,Apple,Employee One,0,4800
58,Apple,Employee One,80,4880
59,Apple,Employee One,80,4960
60,Apple,Employee One,80,5040
61,Apple,Employee One,0,5040
62,Apple,Employee One,160,5200
63,Apple,Employee One,0,5200
64,Apple,Employee One,160,5360
65,Apple,Employee One,80,5440
66,Apple,Employee One,80,5520
67,Apple,Employee One,80,5600
68,Apple,Employee One,80,5680
69,Apple,Employee One,0,5680
70,Apple,Employee One,0,5680
71,Apple,Employee One,80,5760
72,Apple,Employee One,160,5920
73,Apple,Employee One,160,6080
74,Apple,Employee One,0,6080
75,Apple,Employee One,0,6080
76,Apple,Employee One,80,6160
77,Apple,Employee One,0,6160
78,Apple,Employee One,80,6240
79,Apple,Employee One,0,6240
80,Apple,Employee One,0,6240
81,Apple,Employee One,80,6320
82,Apple,Employee One,80,6400
83,Apple,Employee One,0,6400
84,Apple,Employee One,80,6480
85,Apple,Employee One,0,6480
86,Apple,Employee One,0,6480
87,Apple,Employee One,160,6640
88,Apple,Employee One,0,6640
89,Apple,Employee One,0,6640
90,Apple,Employee One,160,6800
91,Apple,Employee One,160,6960
92,Apple,Employee One,0,6960
93,Apple,Employee One,160,7120
94,Apple,Employee One,160,7280
95,Apple,Employee One,160,7440
96,Apple,Employee One,80,7520
97,Apple,Employee One,0,7520
98,Apple,Employee One,80,7600
99,Apple,Employee One,80,7680
100,Apple,Employee One,0,7680
101,Apple,Employee One,80,7760
102,Apple,Employee One,80,7840
103,Apple,Employee One,160,8000
104,Apple,Employee One,80,8080
105,Apple,Employee One,0,8080
106,Apple,Employee One,0,8080
107,Apple,Employee One,160,8240
108,Apple,Employee One,80,8320
109,Apple,Employee One,160,8480
110,Apple,Employee One,0,8480
111,Apple,Employee One,160,8640
112,Apple,Employee One,160,8800
113,Apple,Employee One,0,8800
114,Apple,Employee One,160,8960
115,Apple,Employee One,80,9040
116,Apple,Employee One,160,9200
117,Apple,Employee One,0,9200
118,Apple,Employee One,0,9200
119,Apple,Employee One,160,9360
120,Apple,Employee One,80,9440
121,Apple,Employee One,80,9520
122,Apple,Employee One,80,9600
123,Apple,Employee One,80,9680
124,Apple,Employee One,0,9680
125,Apple,Employee One,80,9760
126,Apple,Employee One,160,9920
127,Apple,Employee One,160,10080
128,Apple,Employee One,160,10240
129,Apple,Employee One,160,10400
130,Apple,Employee One,160,10560
131,Apple,Employee One,160,10720
132,Apple,Employee One,80,10800
133,Apple,Employee One,0,10800
134,Apple,Employee One,0,10800
135,Apple,Employee One,80,10880
136,Apple,Employee One,80,10960
137,Apple,Employee One,80,11040
138,Apple,Employee One,160,11200
139,Apple,Employee One,160,11360
140,Apple,Employee One,0,11360
141,Apple,Employee One,0,11360
142,Apple,Employee One,80,11440
143,Apple,Employee One,80,11520
144,Apple,Employee One,160,11680
145,Apple,Employee One,160,11840
146,Apple,Employee One,0,11840
147,Apple,Employee One,160,12000
148,Apple,Employee One,80,12080
149,Apple,Employee One,160,12240
150,Apple,Employee One,80,12320
151,Apple,Employee One,160,12480
152,Apple,Employee One,80,12560
153,Apple,Employee One,80,12640
154,Apple,Employee One,80,12720
155,Apple,Employee One,0,12720
156,Apple,Employee One,0,12720
157,Apple,Employee One,160,12880
158,Apple,Employee One,160,13040
159,Apple,Employee One,80,13120
160,Apple,Employee One,80,13200
161,Apple,Employee One,0,13200
162,Apple,Employee One,160,13360
163,Apple,Employee One,80,13440
164,Apple,Employee One,80,13520
165,Apple,Employee One,80,13600
166,Apple,Employee One,0,13600
167,Apple,Employee One,160,13760
168,Apple,Employee One,160,13920
169,Apple,Employee One,0,13920
170,Apple,Employee One,0,13920
171,Apple,Employee One,160,14080
172,Apple,Employee One,0,14080
173,Apple,Employee One,0,14080
174,Apple,Employee One,160,14240
175,Apple,Employee One,80,14320
176,Apple,Employee One,0,14320
177,Apple,Employee One,0,14320
178,Apple,Employee One,160,14480
179,Apple,Employee One,80,14560
180,Apple,Employee One,160,14720
181,Apple,Employee One,160,14880
182,Apple,Employee One,0,14880
183,Apple,Employee One,160,15040
184,Apple,Employee One,0,15040
185,Apple,Employee One,0,15040
186,Apple,Employee One,0,15040
187,Apple,Employee One,0,15040
188,Apple,Employee One,0,15040
189,Apple,Employee One,80,15120
190,Apple,Employee One,160,15280
191,Apple,Employee One,80,15360
192,Apple,Employee One,0,15360
193,Apple,Employee One,80,15440
194,Apple,Employee One,80,15520
195,Apple,Employee One,160,15680
196,Apple,Employee One,80,15760
197,Apple,Employee One,80,15840
198,Apple,Employee One,160,16000
199,Apple,Employee One,0,16000
200,Apple,Employee One,80,16080
201,Apple,Employee One,0,16080
202,Apple,Employee One,80,16160
203,Apple,Employee One,0,16160
204,Apple,Employee One,0,16160
205,Apple,Employee One,80,16240
206,Apple,Employee One,80,16320
207,Apple,Employee One,80,16400
208,Apple,Employee One,80,16480
209,Apple,Employee One,80,16560
210,Apple,Employee One,0,16560
211,Apple,Employee One,0,16560
212,Apple,Employee One,80,16640
213,Apple,Employee One,0,16640
214,Apple,Employee One,80,16720
215,Apple,Employee One,160,16880
216,Apple,Employee One,80,16960
217,Apple,Employee One,80,17040
218,Apple,Employee One,80,17120
219,Apple,Employee One,80,17200
220,Apple,Employee One,80,17280
221,Apple,Employee One,80,17360
222,Apple,Employee One,80,17440
223,Apple,Employee One,80,17520
224,Apple,Employee One,160,17680
225,Apple,Employee One,0,17680
226,Apple,Employee One,0,17680
227,Apple,Employee One,0,17680
228,Apple,Employee One,160,17840
229,Apple,Employee One,80,17920
230,Apple,Employee One,160,18080
231,Apple,Employee One,160,18240
232,Apple,Employee One,0,18240
233,Apple,Employee One,0,18240
234,Apple,Employee One,80,18320
235,Apple,Employee One,80,18400
236,Apple,Employee One,0,18400
237,Apple,Employee One,0,18400
238,Apple,Employee One,80,18480
239,Apple,Employee One,160,18640
240,Apple,Employee One,80,18720
1,Microsoft,Employee Two,0,0
2,Microsoft,Employee Two,400,400
3,Microsoft,Employee Two,400,800
4,Microsoft,Employee Two,0,800
5,Microsoft,Employee Two,0,800
6,Microsoft,Employee Two,400,1200
7,Microsoft,Employee Two,400,1600
8,Microsoft,Employee Two,400,2000
9,Microsoft,Employee Two,0,2000
10,Microsoft,Employee Two,200,2200
11,Microsoft,Employee Two,0,2200
12,Microsoft,Employee Two,400,2600
13,Microsoft,Employee Two,400,3000
14,Microsoft,Employee Two,200,3200
15,Microsoft,Employee Two,200,3400
16,Microsoft,Employee Two,400,3800
17,Microsoft,Employee Two,0,3800
18,Microsoft,Employee Two,0,3800
19,Microsoft,Employee Two,400,4200
20,Microsoft,Employee Two,200,4400
21,Microsoft,Employee Two,200,4600
22,Microsoft,Employee Two,400,5000
23,Microsoft,Employee Two,200,5200
24,Microsoft,Employee Two,400,5600
25,Microsoft,Employee Two,200,5800
26,Microsoft,Employee Two,0,5800
27,Microsoft,Employee Two,200,6000
28,Microsoft,Employee Two,400,6400
29,Microsoft,Employee Two,400,6800
30,Microsoft,Employee Two,0,6800
31,Microsoft,Employee Two,400,7200
32,Microsoft,Employee Two,0,7200
33,Microsoft,Employee Two,400,7600
34,Microsoft,Employee Two,400,8000
35,Microsoft,Employee Two,0,8000
36,Microsoft,Employee Two,0,8000
37,Microsoft,Employee Two,200,8200
38,Microsoft,Employee Two,200,8400
39,Microsoft,Employee Two,400,8800
40,Microsoft,Employee Two,400,9200
41,Microsoft,Employee Two,200,9400
42,Microsoft,Employee Two,200,9600
43,Microsoft,Employee Two,400,10000
44,Microsoft,Employee Two,400,10400
45,Microsoft,Employee Two,0,10400
46,Microsoft,Employee Two,0,10400
47,Microsoft,Employee Two,0,10400
48,Microsoft,Employee Two,400,10800
49,Microsoft,Employee Two,200,11000
50,Microsoft,Employee Two,0,11000
51,Microsoft,Employee Two,0,11000
52,Microsoft,Employee Two,400,11400
53,Microsoft,Employee Two,400,11800
54,Microsoft,Employee Two,200,12000
55,Microsoft,Employee Two,0,12000
56,Microsoft,Employee Two,0,12000
57,Microsoft,Employee Two,0,12000
58,Microsoft,Employee Two,200,12200
59,Microsoft,Employee Two,200,12400
60,Microsoft,Employee Two,200,12600
61,Microsoft,Employee Two,0,12600
62,Microsoft,Employee Two,400,13000
63,Microsoft,Employee Two,0,13000
64,Microsoft,Employee Two,400,13400
65,Microsoft,Employee Two,200,13600
66,Microsoft,Employee Two,200,13800
67,Microsoft,Employee Two,200,14000
68,Microsoft,Employee Two,200,14200
69,Microsoft,Employee Two,0,14200
70,Microsoft,Employee Two,0,14200
71,Microsoft,Employee Two,200,14400
72,Microsoft,Employee Two,400,14800
73,Microsoft,Employee Two,400,15200
74,Microsoft,Employee Two,0,15200
75,Microsoft,Employee Two,0,15200
76,Microsoft,Employee Two,200,15400
77,Microsoft,Employee Two,0,15400
78,Microsoft,Employee Two,200,15600
79,Microsoft,Employee Two,0,15600
80,Microsoft,Employee Two,0,15600
81,Microsoft,Employee Two,200,15800
82,Microsoft,Employee Two,200,16000
83,Microsoft,Employee Two,0,16000
84,Microsoft,Employee Two,200,16200
85,Microsoft,Employee Two,0,16200
86,Microsoft,Employee Two,0,16200
87,Microsoft,Employee Two,400,16600
88,Microsoft,Employee Two,0,16600
89,Microsoft,Employee Two,0,16600
90,Microsoft,Employee Two,400,17000
91,Microsoft,Employee Two,400,17400
92,Microsoft,Employee Two,0,17400
93,Microsoft,Employee Two,400,17800
94,Microsoft,Employee Two,400,18200
95,Microsoft,Employee Two,400,18600
96,Microsoft,Employee Two,200,18800
97,Microsoft,Employee Two,0,18800
98,Microsoft,Employee Two,200,19000
99,Microsoft,Employee Two,200,19200
100,Microsoft,Employee Two,0,19200
101,Microsoft,Employee Two,200,19400
102,Microsoft,Employee Two,200,19600
103,Microsoft,Employee Two,400,20000
104,Microsoft,Employee Two,200,20200
105,Microsoft,Employee Two,0,20200
106,Microsoft,Employee Two,0,20200
107,Microsoft,Employee Two,400,20600
108,Microsoft,Employee Two,200,20800
109,Microsoft,Employee Two,400,21200
110,Microsoft,Employee Two,0,21200
111,Microsoft,Employee Two,400,21600
112,Microsoft,Employee Two,400,22000
113,Microsoft,Employee Two,0,22000
114,Microsoft,Employee Two,400,22400
115,Microsoft,Employee Two,200,22600
116,Microsoft,Employee Two,400,23000
117,Microsoft,Employee Two,0,23000
118,Microsoft,Employee Two,0,23000
119,Microsoft,Employee Two,400,23400
120,Microsoft,Employee Two,200,23600
121,Microsoft,Employee Two,200,23800
122,Microsoft,Employee Two,200,24000
123,Microsoft,Employee Two,200,24200
124,Microsoft,Employee Two,0,24200
125,Microsoft,Employee Two,200,24400
126,Microsoft,Employee Two,400,24800
127,Microsoft,Employee Two,400,25200
128,Microsoft,Employee Two,400,25600
129,Microsoft,Employee Two,400,26000
130,Microsoft,Employee Two,400,26400
131,Microsoft,Employee Two,400,26800
132,Microsoft,Employee Two,200,27000
133,Microsoft,Employee Two,0,27000
134,Microsoft,Employee Two,0,27000
135,Microsoft,Employee Two,200,27200
136,Microsoft,Employee Two,200,27400
137,Microsoft,Employee Two,200,27600
138,Microsoft,Employee Two,400,28000
139,Microsoft,Employee Two,400,28400
140,Microsoft,Employee Two,0,28400
141,Microsoft,Employee Two,0,28400
142,Microsoft,Employee Two,200,28600
143,Microsoft,Employee Two,200,28800
144,Microsoft,Employee Two,400,29200
145,Microsoft,Employee Two,400,29600
146,Microsoft,Employee Two,0,29600
147,Microsoft,Employee Two,400,30000
148,Microsoft,Employee Two,200,30200
149,Microsoft,Employee Two,400,30600
150,Microsoft,Employee Two,200,30800
151,Microsoft,Employee Two,400,31200
152,Microsoft,Employee Two,200,31400
153,Microsoft,Employee Two,200,31600
154,Microsoft,Employee Two,200,31800
155,Microsoft,Employee Two,0,31800
156,Microsoft,Employee Two,0,31800
157,Microsoft,Employee Two,400,32200
158,Microsoft,Employee Two,400,32600
159,Microsoft,Employee Two,200,32800
160,Microsoft,Employee Two,200,33000
161,Microsoft,Employee Two,0,33000
162,Microsoft,Employee Two,400,33400
163,Microsoft,Employee Two,200,33600
164,Microsoft,Employee Two,200,33800
165,Microsoft,Employee Two,200,34000
166,Microsoft,Employee Two,0,34000
167,Microsoft,Employee Two,400,34400
168,Microsoft,Employee Two,400,34800
169,Microsoft,Employee Two,0,34800
170,Microsoft,Employee Two,0,34800
171,Microsoft,Employee Two,400,35200
172,Microsoft,Employee Two,0,35200
173,Microsoft,Employee Two,0,35200
174,Microsoft,Employee Two,400,35600
175,Microsoft,Employee Two,200,35800
176,Microsoft,Employee Two,0,35800
177,Microsoft,Employee Two,0,35800
178,Microsoft,Employee Two,400,36200
179,Microsoft,Employee Two,200,36400
180,Microsoft,Employee Two,400,36800
181,Microsoft,Employee Two,400,37200
182,Microsoft,Employee Two,0,37200
183,Microsoft,Employee Two,400,37600
184,Microsoft,Employee Two,0,37600
185,Microsoft,Employee Two,0,37600
186,Microsoft,Employee Two,0,37600
187,Microsoft,Employee Two,0,37600
188,Microsoft,Employee Two,0,37600
189,Microsoft,Employee Two,200,37800
190,Microsoft,Employee Two,400,38200
191,Microsoft,Employee Two,200,38400
192,Microsoft,Employee Two,0,38400
193,Microsoft,Employee Two,200,38600
194,Microsoft,Employee Two,200,38800
195,Microsoft,Employee Two,400,39200
196,Microsoft,Employee Two,200,39400
197,Microsoft,Employee Two,200,39600
198,Microsoft,Employee Two,400,40000
199,Microsoft,Employee Two,0,40000
200,Microsoft,Employee Two,200,40200
201,Microsoft,Employee Two,0,40200
202,Microsoft,Employee Two,200,40400
203,Microsoft,Employee Two,0,40400
204,Microsoft,Employee Two,0,40400
205,Microsoft,Employee Two,200,40600
206,Microsoft,Employee Two,200,40800
207,Microsoft,Employee Two,200,41000
208,Microsoft,Employee Two,200,41200
209,Microsoft,Employee Two,200,41400
210,Microsoft,Employee Two,0,41400
211,Microsoft,Employee Two,0,41400
212,Microsoft,Employee Two,200,41600
213,Microsoft,Employee Two,0,41600
214,Microsoft,Employee Two,200,41800
215,Microsoft,Employee Two,400,42200
216,Microsoft,Employee Two,200,42400
217,Microsoft,Employee Two,200,42600
218,Microsoft,Employee Two,200,42800
219,Microsoft,Employee Two,200,43000
220,Microsoft,Employee Two,200,43200
221,Microsoft,Employee Two,200,43400
222,Microsoft,Employee Two,200,43600
223,Microsoft,Employee Two,200,43800
224,Microsoft,Employee Two,400,44200
225,Microsoft,Employee Two,0,44200
226,Microsoft,Employee Two,0,44200
227,Microsoft,Employee Two,0,44200
228,Microsoft,Employee Two,400,44600
229,Microsoft,Employee Two,200,44800
230,Microsoft,Employee Two,400,45200
231,Microsoft,Employee Two,400,45600
232,Microsoft,Employee Two,0,45600
233,Microsoft,Employee Two,0,45600
234,Microsoft,Employee Two,200,45800
235,Microsoft,Employee Two,200,46000
236,Microsoft,Employee Two,0,46000
237,Microsoft,Employee Two,0,46000
238,Microsoft,Employee Two,200,46200
239,Microsoft,Employee Two,400,46600
240,Microsoft,Employee Two,200,46800
241,Microsoft,Employee Two,0,46800
242,Microsoft,Employee Two,200,47000
243,Microsoft,Employee Two,0,47000
244,Microsoft,Employee Two,200,47200
245,Microsoft,Employee Two,200,47400
246,Microsoft,Employee Two,400,47800
247,Microsoft,Employee Two,0,47800
248,Microsoft,Employee Two,400,48200
249,Microsoft,Employee Two,400,48600
250,Microsoft,Employee Two,400,49000
251,Microsoft,Employee Two,200,49200
252,Microsoft,Employee Two,0,49200
253,Microsoft,Employee Two,200,49400
254,Microsoft,Employee Two,200,49600
255,Microsoft,Employee Two,400,50000
256,Microsoft,Employee Two,0,50000
257,Microsoft,Employee Two,0,50000
258,Microsoft,Employee Two,0,50000
259,Microsoft,Employee Two,400,50400
260,Microsoft,Employee Two,0,50400
261,Microsoft,Employee Two,400,50800
262,Microsoft,Employee Two,0,50800
263,Microsoft,Employee Two,0,50800
264,Microsoft,Employee Two,0,50800
265,Microsoft,Employee Two,400,51200
266,Microsoft,Employee Two,400,51600
267,Microsoft,Employee Two,0,51600
268,Microsoft,Employee Two,0,51600
269,Microsoft,Employee Two,0,51600
270,Microsoft,Employee Two,400,52000
271,Microsoft,Employee Two,0,52000
272,Microsoft,Employee Two,200,52200
273,Microsoft,Employee Two,400,52600
274,Microsoft,Employee Two,200,52800
275,Microsoft,Employee Two,200,53000
276,Microsoft,Employee Two,0,53000
277,Microsoft,Employee Two,400,53400
278,Microsoft,Employee Two,0,53400
279,Microsoft,Employee Two,400,53800
280,Microsoft,Employee Two,200,54000
281,Microsoft,Employee Two,0,54000
282,Microsoft,Employee Two,200,54200
283,Microsoft,Employee Two,200,54400
284,Microsoft,Employee Two,200,54600
285,Microsoft,Employee Two,200,54800
286,Microsoft,Employee Two,0,54800
287,Microsoft,Employee Two,400,55200
288,Microsoft,Employee Two,400,55600
289,Microsoft,Employee Two,200,55800
290,Microsoft,Employee Two,0,55800
291,Microsoft,Employee Two,0,55800
292,Microsoft,Employee Two,200,56000
293,Microsoft,Employee Two,200,56200
294,Microsoft,Employee Two,400,56600
295,Microsoft,Employee Two,400,57000
296,Microsoft,Employee Two,400,57400
297,Microsoft,Employee Two,0,57400
298,Microsoft,Employee Two,400,57800
299,Microsoft,Employee Two,400,58200
300,Microsoft,Employee Two,0,58200
301,Microsoft,Employee Two,0,58200
302,Microsoft,Employee Two,0,58200
303,Microsoft,Employee Two,0,58200
304,Microsoft,Employee Two,200,58400
305,Microsoft,Employee Two,0,58400
306,Microsoft,Employee Two,0,58400
307,Microsoft,Employee Two,200,58600
308,Microsoft,Employee Two,400,59000
309,Microsoft,Employee Two,0,59000
310,Microsoft,Employee Two,200,59200
311,Microsoft,Employee Two,400,59600
312,Microsoft,Employee Two,200,59800
313,Microsoft,Employee Two,400,60200
314,Microsoft,Employee Two,400,60600
315,Microsoft,Employee Two,400,61000
316,Microsoft,Employee Two,0,61000
317,Microsoft,Employee Two,400,61400
318,Microsoft,Employee Two,400,61800
319,Microsoft,Employee Two,200,62000
320,Microsoft,Employee Two,200,62200
321,Microsoft,Employee Two,400,62600
322,Microsoft,Employee Two,200,62800
323,Microsoft,Employee Two,400,63200
324,Microsoft,Employee Two,200,63400
325,Microsoft,Employee Two,200,63600
326,Microsoft,Employee Two,400,64000
327,Microsoft,Employee Two,0,64000
328,Microsoft,Employee Two,400,64400
329,Microsoft,Employee Two,200,64600
330,Microsoft,Employee Two,400,65000
331,Microsoft,Employee Two,0,65000
332,Microsoft,Employee Two,200,65200
333,Microsoft,Employee Two,0,65200
334,Microsoft,Employee Two,400,65600
335,Microsoft,Employee Two,0,65600
336,Microsoft,Employee Two,200,65800
337,Microsoft,Employee Two,400,66200
338,Microsoft,Employee Two,200,66400
339,Microsoft,Employee Two,200,66600
340,Microsoft,Employee Two,200,66800
341,Microsoft,Employee Two,400,67200
342,Microsoft,Employee Two,400,67600
343,Microsoft,Employee Two,400,68000
344,Microsoft,Employee Two,0,68000
345,Microsoft,Employee Two,400,68400
346,Microsoft,Employee Two,0,68400
347,Microsoft,Employee Two,200,68600
348,Microsoft,Employee Two,0,68600
1,Amazon,Employee Three,0,0
2,Amazon,Employee Three,120,120
3,Amazon,Employee Three,120,240
4,Amazon,Employee Three,0,240
5,Amazon,Employee Three,0,240
6,Amazon,Employee Three,120,360
7,Amazon,Employee Three,120,480
8,Amazon,Employee Three,120,600
9,Amazon,Employee Three,0,600
10,Amazon,Employee Three,60,660
11,Amazon,Employee Three,0,660
12,Amazon,Employee Three,120,780
13,Amazon,Employee Three,120,900
14,Amazon,Employee Three,60,960
15,Amazon,Employee Three,60,1020
16,Amazon,Employee Three,120,1140
17,Amazon,Employee Three,0,1140
18,Amazon,Employee Three,0,1140
19,Amazon,Employee Three,120,1260
20,Amazon,Employee Three,60,1320
21,Amazon,Employee Three,60,1380
22,Amazon,Employee Three,120,1500
23,Amazon,Employee Three,60,1560
24,Amazon,Employee Three,120,1680
25,Amazon,Employee Three,60,1740
26,Amazon,Employee Three,0,1740
27,Amazon,Employee Three,60,1800
28,Amazon,Employee Three,120,1920
29,Amazon,Employee Three,120,2040
30,Amazon,Employee Three,0,2040
31,Amazon,Employee Three,120,2160
32,Amazon,Employee Three,0,2160
33,Amazon,Employee Three,120,2280
34,Amazon,Employee Three,120,2400
35,Amazon,Employee Three,0,2400
36,Amazon,Employee Three,0,2400
37,Amazon,Employee Three,60,2460
38,Amazon,Employee Three,60,2520
39,Amazon,Employee Three,120,2640
40,Amazon,Employee Three,120,2760
41,Amazon,Employee Three,60,2820
42,Amazon,Employee Three,60,2880
43,Amazon,Employee Three,120,3000
44,Amazon,Employee Three,120,3120
45,Amazon,Employee Three,0,3120
46,Amazon,Employee Three,0,3120
47,Amazon,Employee Three,0,3120
48,Amazon,Employee Three,120,3240
49,Amazon,Employee Three,60,3300
50,Amazon,Employee Three,0,3300
51,Amazon,Employee Three,0,3300
52,Amazon,Employee Three,120,3420
53,Amazon,Employee Three,120,3540
54,Amazon,Employee Three,60,3600
55,Amazon,Employee Three,0,3600
56,Amazon,Employee Three,0,3600
57,Amazon,Employee Three,0,3600
58,Amazon,Employee Three,60,3660
59,Amazon,Employee Three,60,3720
60,Amazon,Employee Three,60,3780
61,Amazon,Employee Three,0,3780
62,Amazon,Employee Three,120,3900
63,Amazon,Employee Three,0,3900
64,Amazon,Employee Three,120,4020
65,Amazon,Employee Three,60,4080
66,Amazon,Employee Three,60,4140
67,Amazon,Employee Three,60,4200
68,Amazon,Employee Three,60,4260
69,Amazon,Employee Three,0,4260
70,Amazon,Employee Three,0,4260
71,Amazon,Employee Three,60,4320
72,Amazon,Employee Three,120,4440
73,Amazon,Employee Three,120,4560
74,Amazon,Employee Three,0,4560
75,Amazon,Employee Three,0,4560
76,Amazon,Employee Three,60,4620
77,Amazon,Employee Three,0,4620
78,Amazon,Employee Three,60,4680
79,Amazon,Employee Three,0,4680
80,Amazon,Employee Three,0,4680
81,Amazon,Employee Three,60,4740
82,Amazon,Employee Three,60,4800
83,Amazon,Employee Three,0,4800
84,Amazon,Employee Three,60,4860
85,Amazon,Employee Three,0,4860
86,Amazon,Employee Three,0,4860
87,Amazon,Employee Three,120,4980
88,Amazon,Employee Three,0,4980
89,Amazon,Employee Three,0,4980
90,Amazon,Employee Three,120,5100
91,Amazon,Employee Three,120,5220
92,Amazon,Employee Three,0,5220
93,Amazon,Employee Three,120,5340
94,Amazon,Employee Three,120,5460
95,Amazon,Employee Three,120,5580
96,Amazon,Employee Three,60,5640
97,Amazon,Employee Three,0,5640
98,Amazon,Employee Three,60,5700
99,Amazon,Employee Three,60,5760
100,Amazon,Employee Three,0,5760
101,Amazon,Employee Three,60,5820
102,Amazon,Employee Three,60,5880
103,Amazon,Employee Three,120,6000
104,Amazon,Employee Three,60,6060
105,Amazon,Employee Three,0,6060
106,Amazon,Employee Three,0,6060
107,Amazon,Employee Three,120,6180
108,Amazon,Employee Three,60,6240
109,Amazon,Employee Three,120,6360
110,Amazon,Employee Three,0,6360
111,Amazon,Employee Three,120,6480
112,Amazon,Employee Three,120,6600
113,Amazon,Employee Three,0,6600
114,Amazon,Employee Three,120,6720
115,Amazon,Employee Three,60,6780
116,Amazon,Employee Three,120,6900
117,Amazon,Employee Three,0,6900
118,Amazon,Employee Three,0,6900
119,Amazon,Employee Three,120,7020
120,Amazon,Employee Three,60,7080
121,Amazon,Employee Three,60,7140
122,Amazon,Employee Three,60,7200
123,Amazon,Employee Three,60,7260
124,Amazon,Employee Three,0,7260
125,Amazon,Employee Three,60,7320
126,Amazon,Employee Three,120,7440
127,Amazon,Employee Three,120,7560
128,Amazon,Employee Three,120,7680
129,Amazon,Employee Three,120,7800
130,Amazon,Employee Three,120,7920
131,Amazon,Employee Three,120,8040
132,Amazon,Employee Three,60,8100
133,Amazon,Employee Three,0,8100
134,Amazon,Employee Three,0,8100
135,Amazon,Employee Three,60,8160
136,Amazon,Employee Three,60,8220
137,Amazon,Employee Three,60,8280
138,Amazon,Employee Three,120,8400
139,Amazon,Employee Three,120,8520
140,Amazon,Employee Three,0,8520
141,Amazon,Employee Three,0,8520
142,Amazon,Employee Three,60,8580
143,Amazon,Employee Three,60,8640
144,Amazon,Employee Three,120,8760
145,Amazon,Employee Three,120,8880
146,Amazon,Employee Three,0,8880
147,Amazon,Employee Three,120,9000
148,Amazon,Employee Three,60,9060
149,Amazon,Employee Three,120,9180
150,Amazon,Employee Three,60,9240
151,Amazon,Employee Three,120,9360
152,Amazon,Employee Three,60,9420
153,Amazon,Employee Three,60,9480
154,Amazon,Employee Three,60,9540
155,Amazon,Employee Three,0,9540
156,Amazon,Employee Three,0,9540
157,Amazon,Employee Three,120,9660
158,Amazon,Employee Three,120,9780
159,Amazon,Employee Three,60,9840
160,Amazon,Employee Three,60,9900
161,Amazon,Employee Three,0,9900
162,Amazon,Employee Three,120,10020
163,Amazon,Employee Three,60,10080
164,Amazon,Employee Three,60,10140
165,Amazon,Employee Three,60,10200
166,Amazon,Employee Three,0,10200
167,Amazon,Employee Three,120,10320
168,Amazon,Employee Three,120,10440
169,Amazon,Employee Three,0,10440
170,Amazon,Employee Three,0,10440
171,Amazon,Employee Three,120,10560
172,Amazon,Employee Three,0,10560
173,Amazon,Employee Three,0,10560
174,Amazon,Employee Three,120,10680
175,Amazon,Employee Three,60,10740
176,Amazon,Employee Three,0,10740
177,Amazon,Employee Three,0,10740
178,Amazon,Employee Three,120,10860
179,Amazon,Employee Three,60,10920
180,Amazon,Employee Three,120,11040
181,Amazon,Employee Three,120,11160
182,Amazon,Employee Three,0,11160
183,Amazon,Employee Three,120,11280
184,Amazon,Employee Three,0,11280
185,Amazon,Employee Three,0,11280
186,Amazon,Employee Three,0,11280
187,Amazon,Employee Three,0,11280
188,Amazon,Employee Three,0,11280
189,Amazon,Employee Three,60,11340
190,Amazon,Employee Three,120,11460
191,Amazon,Employee Three,60,11520
192,Amazon,Employee Three,0,11520
1,Google,Employee Four,0,0
2,Google,Employee Four,800,800
3,Google,Employee Four,800,1600
4,Google,Employee Four,0,1600
5,Google,Employee Four,0,1600
6,Google,Employee Four,800,2400
7,Google,Employee Four,800,3200
8,Google,Employee Four,800,4000
9,Google,Employee Four,0,4000
10,Google,Employee Four,400,4400
11,Google,Employee Four,0,4400
12,Google,Employee Four,800,5200
13,Google,Employee Four,800,6000
14,Google,Employee Four,400,6400
15,Google,Employee Four,400,6800
16,Google,Employee Four,800,7600
17,Google,Employee Four,0,7600
18,Google,Employee Four,0,7600
19,Google,Employee Four,800,8400
20,Google,Employee Four,400,8800
21,Google,Employee Four,400,9200
22,Google,Employee Four,800,10000
23,Google,Employee Four,400,10400
24,Google,Employee Four,800,11200
25,Google,Employee Four,400,11600
26,Google,Employee Four,0,11600
27,Google,Employee Four,400,12000
28,Google,Employee Four,800,12800
29,Google,Employee Four,800,13600
30,Google,Employee Four,0,13600
31,Google,Employee Four,800,14400
32,Google,Employee Four,0,14400
33,Google,Employee Four,800,15200
34,Google,Employee Four,800,16000
35,Google,Employee Four,0,16000
36,Google,Employee Four,0,16000
37,Google,Employee Four,400,16400
38,Google,Employee Four,400,16800
39,Google,Employee Four,800,17600
40,Google,Employee Four,800,18400
41,Google,Employee Four,400,18800
42,Google,Employee Four,400,19200
43,Google,Employee Four,800,20000
44,Google,Employee Four,800,20800
45,Google,Employee Four,0,20800
46,Google,Employee Four,0,20800
47,Google,Employee Four,0,20800
48,Google,Employee Four,800,21600
49,Google,Employee Four,400,22000
50,Google,Employee Four,0,22000
51,Google,Employee Four,0,22000
52,Google,Employee Four,800,22800
53,Google,Employee Four,800,23600
54,Google,Employee Four,400,24000
55,Google,Employee Four,0,24000
56,Google,Employee Four,0,24000
57,Google,Employee Four,0,24000
58,Google,Employee Four,400,24400
59,Google,Employee Four,400,24800
60,Google,Employee Four,400,25200
61,Google,Employee Four,0,25200
62,Google,Employee Four,800,26000
63,Google,Employee Four,0,26000
64,Google,Employee Four,800,26800
65,Google,Employee Four,400,27200
66,Google,Employee Four,400,27600
67,Google,Employee Four,400,28000
68,Google,Employee Four,400,28400
69,Google,Employee Four,0,28400
70,Google,Employee Four,0,28400
71,Google,Employee Four,400,28800
72,Google,Employee Four,800,29600
73,Google,Employee Four,800,30400
74,Google,Employee Four,0,30400
75,Google,Employee Four,0,30400
76,Google,Employee Four,400,30800
77,Google,Employee Four,0,30800
78,Google,Employee Four,400,31200
79,Google,Employee Four,0,31200
80,Google,Employee Four,0,31200
81,Google,Employee Four,400,31600
82,Google,Employee Four,400,32000
83,Google,Employee Four,0,32000
84,Google,Employee Four,400,32400
85,Google,Employee Four,0,32400
86,Google,Employee Four,0,32400
87,Google,Employee Four,800,33200
88,Google,Employee Four,0,33200
89,Google,Employee Four,0,33200
90,Google,Employee Four,800,34000
91,Google,Employee Four,800,34800
92,Google,Employee Four,0,34800
93,Google,Employee Four,800,35600
94,Google,Employee Four,800,36400
95,Google,Employee Four,800,37200
96,Google,Employee Four,400,37600
97,Google,Employee Four,0,37600
98,Google,Employee Four,400,38000
99,Google,Employee Four,400,38400
100,Google,Employee Four,0,38400
101,Google,Employee Four,400,38800
102,Google,Employee Four,400,39200
103,Google,Employee Four,800,40000
104,Google,Employee Four,400,40400
105,Google,Employee Four,0,40400
106,Google,Employee Four,0,40400
107,Google,Employee Four,800,41200
108,Google,Employee Four,400,41600
109,Google,Employee Four,800,42400
110,Google,Employee Four,0,42400
111,Google,Employee Four,800,43200
112,Google,Employee Four,800,44000
113,Google,Employee Four,0,44000
114,Google,Employee Four,800,44800
115,Google,Employee Four,400,45200
116,Google,Employee Four,800,46000
117,Google,Employee Four,0,46000
118,Google,Employee Four,0,46000
119,Google,Employee Four,800,46800
120,Google,Employee Four,400,47200
121,Google,Employee Four,400,47600
122,Google,Employee Four,400,48000
123,Google,Employee Four,400,48400
124,Google,Employee Four,0,48400
125,Google,Employee Four,400,48800
126,Google,Employee Four,800,49600
127,Google,Employee Four,800,50400
128,Google,Employee Four,800,51200
129,Google,Employee Four,800,52000
130,Google,Employee Four,800,52800
131,Google,Employee Four,800,53600
132,Google,Employee Four,400,54000
133,Google,Employee Four,0,54000
134,Google,Employee Four,0,54000
135,Google,Employee Four,400,54400
136,Google,Employee Four,400,54800
137,Google,Employee Four,400,55200
138,Google,Employee Four,800,56000
139,Google,Employee Four,800,56800
140,Google,Employee Four,0,56800
141,Google,Employee Four,0,56800
142,Google,Employee Four,400,57200
143,Google,Employee Four,400,57600
144,Google,Employee Four,800,58400
145,Google,Employee Four,800,59200
146,Google,Employee Four,0,59200
147,Google,Employee Four,800,60000
148,Google,Employee Four,400,60400
149,Google,Employee Four,800,61200
150,Google,Employee Four,400,61600
151,Google,Employee Four,800,62400
152,Google,Employee Four,400,62800
153,Google,Employee Four,400,63200
154,Google,Employee Four,400,63600
155,Google,Employee Four,0,63600
156,Google,Employee Four,0,63600
157,Google,Employee Four,800,64400
158,Google,Employee Four,800,65200
159,Google,Employee Four,400,65600
160,Google,Employee Four,400,66000
161,Google,Employee Four,0,66000
162,Google,Employee Four,800,66800
163,Google,Employee Four,400,67200
164,Google,Employee Four,400,67600
165,Google,Employee Four,400,68000
166,Google,Employee Four,0,68000
167,Google,Employee Four,800,68800
168,Google,Employee Four,800,69600
169,Google,Employee Four,0,69600
170,Google,Employee Four,0,69600
171,Google,Employee Four,800,70400
172,Google,Employee Four,0,70400
173,Google,Employee Four,0,70400
174,Google,Employee Four,800,71200
175,Google,Employee Four,400,71600
176,Google,Employee Four,0,71600
177,Google,Employee Four,0,71600
178,Google,Employee Four,800,72400
179,Google,Employee Four,400,72800
180,Google,Employee Four,800,73600
181,Google,Employee Four,800,74400
182,Google,Employee Four,0,74400
183,Google,Employee Four,800,75200
184,Google,Employee Four,0,75200
185,Google,Employee Four,0,75200
186,Google,Employee Four,0,75200
187,Google,Employee Four,0,75200
188,Google,Employee Four,0,75200
189,Google,Employee Four,400,75600
190,Google,Employee Four,800,76400
191,Google,Employee Four,400,76800
192,Google,Employee Four,0,76800
193,Google,Employee Four,400,77200
194,Google,Employee Four,400,77600
195,Google,Employee Four,800,78400
196,Google,Employee Four,400,78800
197,Google,Employee Four,400,79200
198,Google,Employee Four,800,80000
199,Google,Employee Four,0,80000
200,Google,Employee Four,400,80400
201,Google,Employee Four,0,80400
202,Google,Employee Four,400,80800
203,Google,Employee Four,0,80800
204,Google,Employee Four,0,80800
205,Google,Employee Four,400,81200
206,Google,Employee Four,400,81600
207,Google,Employee Four,400,82000
208,Google,Employee Four,400,82400
209,Google,Employee Four,400,82800
210,Google,Employee Four,0,82800
211,Google,Employee Four,0,82800
212,Google,Employee Four,400,83200
213,Google,Employee Four,0,83200
214,Google,Employee Four,400,83600
215,Google,Employee Four,800,84400
216,Google,Employee Four,400,84800
217,Google,Employee Four,400,85200
218,Google,Employee Four,400,85600
219,Google,Employee Four,400,86000
220,Google,Employee Four,400,86400
221,Google,Employee Four,400,86800
222,Google,Employee Four,400,87200
223,Google,Employee Four,400,87600
224,Google,Employee Four,800,88400
225,Google,Employee Four,0,88400
226,Google,Employee Four,0,88400
227,Google,Employee Four,0,88400
228,Google,Employee Four,800,89200
229,Google,Employee Four,400,89600
230,Google,Employee Four,800,90400
231,Google,Employee Four,800,91200
232,Google,Employee Four,0,91200
233,Google,Employee Four,0,91200
234,Google,Employee Four,400,91600
235,Google,Employee Four,400,92000
236,Google,Employee Four,0,92000
237,Google,Employee Four,0,92000
238,Google,Employee Four,400,92400
239,Google,Employee Four,800,93200
240,Google,Employee Four,400,93600
241,Google,Employee Four,0,93600
242,Google,Employee Four,400,94000
243,Google,Employee Four,0,94000
244,Google,Employee Four,400,94400
245,Google,Employee Four,400,94800
246,Google,Employee Four,800,95600
247,Google,Employee Four,0,95600
248,Google,Employee Four,800,96400
249,Google,Employee Four,800,97200
250,Google,Employee Four,800,98000
251,Google,Employee Four,400,98400
252,Google,Employee Four,0,98400
253,Google,Employee Four,400,98800
254,Google,Employee Four,400,99200
255,Google,Employee Four,800,100000
256,Google,Employee Four,0,100000
257,Google,Employee Four,0,100000
258,Google,Employee Four,0,100000
259,Google,Employee Four,800,100800
260,Google,Employee Four,0,100800
261,Google,Employee Four,800,101600
262,Google,Employee Four,0,101600
263,Google,Employee Four,0,101600
264,Google,Employee Four,0,101600
265,Google,Employee Four,800,102400
266,Google,Employee Four,800,103200
267,Google,Employee Four,0,103200
268,Google,Employee Four,0,103200
269,Google,Employee Four,0,103200
270,Google,Employee Four,800,104000
271,Google,Employee Four,0,104000
272,Google,Employee Four,400,104400
273,Google,Employee Four,800,105200
274,Google,Employee Four,400,105600
275,Google,Employee Four,400,106000
276,Google,Employee Four,0,106000
277,Google,Employee Four,800,106800
278,Google,Employee Four,0,106800
279,Google,Employee Four,800,107600
280,Google,Employee Four,400,108000
281,Google,Employee Four,0,108000
282,Google,Employee Four,400,108400
283,Google,Employee Four,400,108800
284,Google,Employee Four,400,109200
285,Google,Employee Four,400,109600
286,Google,Employee Four,0,109600
287,Google,Employee Four,800,110400
288,Google,Employee Four,800,111200
